[Header],,,,,,,,,
IEMFileVersion,5,,,,,,,,
Investigator Name,chug,,,,,,,,
Experiment Name,FC_05924,,,,,,,,
Date,3/15/20,,,,,,,,
Workflow,GenerateFASTQ,,,,,,,,
Application,NextSeq FASTQ Only,,,,,,,,
Instrument Type,NextSeq/MiniSeq,,,,,,,,
Assay,TruSeq Stranded mRNA,,,,,,,,
Index Adapters,IDT-ILMN TruSeq RNA UD Indexes (96 Indexes),,,,,,,,
Description,,,,,,,,,
Chemistry,Amplicon,,,,,,,,
,,,,,,,,,
[Reads],,,,,,,,,
76,,,,,,,,,
76,,,,,,,,,
,,,,,,,,,
[Settings],,,,,,,,,
Adapter,AGATCGGAAGAGCACACGTCTGAACTCCAGTCA,,,,,,,,
AdapterRead2,AGATCGGAAGAGCGTCGTGTAGGGAAAGAGTGT,,,,,,,,
,,,,,,,,,
[Data],,,,,,,,,
Sample_ID,Sample_Well,I7_Index_ID,index,I5_Index_ID,index2,,,,
A1_A1_Day0,A1,UDI0006,GCTTGTCA,UDI0006,GTATGTTC,,,,
A2_A1_Day4,A2,UDI0014,TTGGACTC,UDI0014,CTGCTTCC,,,,
A3_A1_Day20,A3,UDI0022,AACGTTCC,UDI0022,AGTACTCC,,,,
A4_A2_Day0,A4,UDI0030,TTACAGGA,UDI0030,GCTTGTCA,,,,
A5_A2_Day4,A5,UDI0038,CTACGACA,UDI0038,TTGGACTC,,,,
A6_A2_Day20,A6,UDI0046,GCAATGCA,UDI0046,AACGTTCC,,,,
A7_B1_Day0,A7,UDI0054,TGGTGGCA,UDI0054,TTACAGGA,,,,
A8_B1_Day4,A8,UDI0062,TAAGGTCA,UDI0062,CTACGACA,,,,
A9_B1_Day20,A9,UDI0070,ATTGTGAA,UDI0070,GCAATGCA,,,,
A10_B2_Day0,A10,UDI0078,CATAGAGT,UDI0078,TGGTGGCA,,,,
A11_B2_Day4,A11,UDI0086,GAACCGCG,UDI0086,TAAGGTCA,,,,
A12_B2_Day20,A12,UDI0094,CGTCTGCG,UDI0094,ATTGTGAA,,,,
B1_M1_Day0,B1,UDI0007,CAAGCTAG,UDI0007,CGCTATGT,,,,
B2_M1_Day4,B2,UDI0015,GGCTTAAG,UDI0015,GGTCACGA,,,,
B3_M1_Day20,B3,UDI0023,GCAGAATT,UDI0023,TGGCCGGT,,,,
B4_M2_Day0,B4,UDI0031,GGCATTCT,UDI0031,CAAGCTAG,,,,
B5_M2_Day4,B5,UDI0039,TAAGTGGT,UDI0039,GGCTTAAG,,,,
B6_M2_Day20,B6,UDI0047,GTTCCAAT,UDI0047,GCAGAATT,,,,
B7_L1_Day0,B7,UDI0055,AGGCAGAG,UDI0055,GGCATTCT,,,,
B8_L1_Day4,B8,UDI0063,TTGCCTAG,UDI0063,TAAGTGGT,,,,
B9_L1_Day20,B9,UDI0071,ACTCGTGT,UDI0071,GTTCCAAT,,,,
B10_L2_Day0,B10,UDI0079,ACAGGCGC,UDI0079,AGGCAGAG,,,,
B11_L2_Day4,B11,UDI0087,CTCACCAA,UDI0087,TTGCCTAG,,,,
B12_L2_Day20,B12,UDI0095,TCGATATC,UDI0095,ACTCGTGT,,,,
C1_R1_Day0,C1,UDI0008,TGGATCGA,UDI0008,TATCGCAC,,,,
C2_R1_Day4,C2,UDI0016,AATCCGGA,UDI0016,AACTGTAG,,,,
C3_R1_Day20,C3,UDI0024,ATGAGGCC,UDI0024,CAATTAAC,,,,
C4_Naive_Day0,C4,UDI0032,AATGCCTC,UDI0032,TGGATCGA,,,,
C5_Naive_Day20,C5,UDI0040,CGGACAAC,UDI0040,AATCCGGA,,,,
C6_F10_1_Day202,C6,UDI0048,ACCTTGGC,UDI0048,ATGAGGCC,,,,
C7_F10_2_Day202,C7,UDI0056,GAATGAGA,UDI0056,AATGCCTC,,,,
C8_F10_Day0,C8,UDI0064,CCATTCGA,UDI0064,CGGACAAC,,,,
C9_F10_Day4,C9,UDI0072,GTCTACAC,UDI0072,ACCTTGGC,,,,
C10_F10_Day14,C10,UDI0080,GTGAATAT,UDI0080,GAATGAGA,,,,
C11_F10_1_Day40,C11,UDI0088,TCTGTTGG,UDI0088,CCATTCGA,,,,
C12_F10_2_Day40,C12,UDI0096,CTAGCGCT,UDI0096,GTCTACAC,,,,