[Header],,,,,,
IEMFileVersion,5,,,,,
Investigator Name,chug,,,,,
Experiment Name,FC_05924,,,,,
Date,3/15/20,,,,,
Workflow,GenerateFASTQ,,,,,
Application,NextSeq FASTQ Only,,,,,
Instrument Type,NextSeq/MiniSeq,,,,,
Assay,TruSeq Stranded mRNA,,,,,
Index Adapters,IDT-ILMN TruSeq RNA UD Indexes (96 Indexes),,,,,
Description,,,,,,
Chemistry,Amplicon,,,,,
,,,,,,
[Reads],,,,,,
75,,,,,,
75,,,,,,
,,,,,,
[Settings],,,,,,
Adapter,AGATCGGAAGAGCACACGTCTGAACTCCAGTCA,,,,,
AdapterRead2,AGATCGGAAGAGCGTCGTGTAGGGAAAGAGTGT,,,,,
,,,,,,
[Data],,,,,,
Sample_ID,Sample_Well,I7_Index_ID,Index_Plate_Well,index,I5_Index_ID,index2
A1_A1_Day0,A1,UDI0091,C12,GTATGTTC,UDI0091,TTCCTGTT
A2_A1_Day4,A2,UDI0083,C11,CTGCTTCC,UDI0083,GATCTATC
A3_A1_Day20,A3,UDI0075,C10,AGTACTCC,UDI0075,AACAGGTT
A4_A2_Day0,A4,UDI0067,C09,TTCCTGTT,UDI0067,AAGATACT
A5_A2_Day4,A5,UDI0059,C08,GATCTATC,UDI0059,AGCCTCAT
A6_A2_Day20,A6,UDI0051,C07,AACAGGTT,UDI0051,CTTGGTAT
A7_B1_Day0,A7,UDI0043,C06,AAGATACT,UDI0043,ATGTAAGT
A8_B1_Day4,A8,UDI0035,C05,AGCCTCAT,UDI0035,TCTCTACT
A9_B1_Day20,A9,UDI0027,C04,CTTGGTAT,UDI0027,GGACTTGG
A10_B2_Day0,A10,UDI0019,C03,ATGTAAGT,UDI0019,CATAGAGT
A11_B2_Day4,A11,UDI0011,C02,TCTCTACT,UDI0011,GAACCGCG
A12_B2_Day20,A12,UDI0003,C01,GGACTTGG,UDI0003,CGTCTGCG
B1_M1_Day0,B1,UDI0090,B12,CGCTATGT,UDI0090,GTGTCGGA
B2_M1_Day4,B2,UDI0082,B11,GGTCACGA,UDI0082,CATAATAC
B3_M1_Day20,B3,UDI0074,B10,TGGCCGGT,UDI0074,GCGCTCTA
B4_M2_Day0,B4,UDI0066,B09,GTGTCGGA,UDI0066,GCGCAAGC
B5_M2_Day4,B5,UDI0058,B08,CATAATAC,UDI0058,CGTTAGAA
B6_M2_Day20,B6,UDI0050,B07,GCGCTCTA,UDI0050,GTCGGAGC
B7_L1_Day0,B7,UDI0042,B06,GCGCAAGC,UDI0042,CGGCGTGA
B8_L1_Day4,B8,UDI0034,B05,CGTTAGAA,UDI0034,GACCTGAA
B9_L1_Day20,B9,UDI0026,B04,GTCGGAGC,UDI0026,TTATAACC
B10_L2_Day0,B10,UDI0018,B03,CGGCGTGA,UDI0018,ACAGGCGC
B11_L2_Day4,B11,UDI0010,B02,GACCTGAA,UDI0010,CTCACCAA
B12_L2_Day20,B12,UDI0002,B01,TTATAACC,UDI0002,TCGATATC
C1_R1_Day0,C1,UDI0089,A12,TATCGCAC,UDI0089,ACACTAAG
C2_R1_Day4,C2,UDI0081,A11,AACTGTAG,UDI0081,TGCGGCGT
C3_R1_Day20,C3,UDI0073,A10,CAATTAAC,UDI0073,ATATCTCG
C4_Naive_Day0,C4,UDI0065,A09,ACACTAAG,UDI0065,ATATGGAT
C5_Naive_Day20,C5,UDI0057,A08,TGCGGCGT,UDI0057,TACCGAGG
C6_F10_1_Day202,C6,UDI0049,A07,ATATCTCG,UDI0049,ACTAAGAT
C7_F10_2_Day202,C7,UDI0041,A06,ATATGGAT,UDI0041,TAATACAG
C8_F10_Day0,C8,UDI0033,A05,TACCGAGG,UDI0033,AGTTCAGG
C9_F10_Day4,C9,UDI0025,A04,ACTAAGAT,UDI0025,CCGCGGTT
C10_F10_Day14,C10,UDI0017,A03,TAATACAG,UDI0017,GTGAATAT
C11_F10_1_Day40,C11,UDI0009,A02,AGTTCAGG,UDI0009,TCTGTTGG
C12_F10_2_Day40,C12,UDI0001,A01,CCGCGGTT,UDI0001,CTAGCGCT